,index,content,prompt,negative
0,1,"非常抱歉，我可能误解了您的问题。如果您能提供更多上下文或信息，我将非常乐意为您提供更准确的答案。

如果您是在谈论小说、电影或游戏等作品中的角色，那么我可以告诉您，雪落山庄通常是一个虚构的地方，是作品中的情节和背景。它可能是一个富有的庄院，也可能是一个荒凉的废墟，或者是其他什么形式的背景。

无论如何，我希望我的回答能够帮助您更好地理解您的问题。","best quality,masterpiece,illustration, an extremely delicate and beautiful,extremely detailed,CG,unity,8k wallpaper.非常抱歉，我可能误解了您的问题。如果您能提供更多上下文或信息，我将非常乐意为您提供更准确的答案。

如果您是在谈论小说、电影或游戏等作品中的角色，那么我可以告诉您，雪落山庄通常是一个虚构的地方，是作品中的情节和背景。它可能是一个富有的庄院，也可能是一个荒凉的废墟，或者是其他什么形式的背景。

无论如何，我希望我的回答能够帮助您更好地理解您的问题。","NSFW,sketches, (worst quality:2), (low quality:2), (normal quality:2), lowres, normal quality, ((monochrome)), ((grayscale)), skin spots, acnes, skin blemishes, bad anatomy,(long hair:1.4),DeepNegative,(fat:1.2),facing away, looking away,tilted head, {Multiple people}, lowres,bad anatomy,bad hands, text, error, missing fingers,extra digit, fewer digits, cropped, worstquality, low quality, normal quality,jpegartifacts,signature, watermark, username,blurry,bad feet,cropped,poorly drawn hands,poorly drawn face,mutation,deformed,worst quality,low quality,normal quality,jpeg artifacts,signature,watermark,extra fingers,fewer digits,extra limbs,extra arms,extra legs,malformed limbs,fused fingers,too many fingers,long neck,cross-eyed,mutated hands,polar lowres,bad body,bad proportions,gross proportions,text,error,missing fingers,missing arms,missing legs,extra digit, extra arms, extra leg, extra foot,"
1,2,"I'm sorry, but I'm not sure what you mean by ""456."" Could you please provide more context or clarify your question?","best quality,masterpiece,illustration, an extremely delicate and beautiful,extremely detailed,CG,unity,8k wallpaper.I'm sorry, but I'm not sure what you mean by ""456."" Could you please provide more context or clarify your question?","NSFW,sketches, (worst quality:2), (low quality:2), (normal quality:2), lowres, normal quality, ((monochrome)), ((grayscale)), skin spots, acnes, skin blemishes, bad anatomy,(long hair:1.4),DeepNegative,(fat:1.2),facing away, looking away,tilted head, {Multiple people}, lowres,bad anatomy,bad hands, text, error, missing fingers,extra digit, fewer digits, cropped, worstquality, low quality, normal quality,jpegartifacts,signature, watermark, username,blurry,bad feet,cropped,poorly drawn hands,poorly drawn face,mutation,deformed,worst quality,low quality,normal quality,jpeg artifacts,signature,watermark,extra fingers,fewer digits,extra limbs,extra arms,extra legs,malformed limbs,fused fingers,too many fingers,long neck,cross-eyed,mutated hands,polar lowres,bad body,bad proportions,gross proportions,text,error,missing fingers,missing arms,missing legs,extra digit, extra arms, extra leg, extra foot,"
